subject,day,trialstring,questionnumber,workloadrating
10,2,ATCLS9,1,3
10,2,ATCLS9,2,0
10,2,NoneSS7,3,2
10,2,NoneSS7,4,1
10,2,NoneLS5,5,2
10,2,NoneLS5,6,2
10,2,ATCSL2,7,4
10,2,ATCSL2,8,4
10,2,NoneSS15,9,3
10,2,NoneSS15,10,2
10,2,NoneLS13,11,2
10,2,NoneLS13,12,1
10,2,ATCSL10,13,2
10,2,ATCSL10,14,2
10,2,NoneSL6,15,3
10,2,NoneSL6,16,1
10,2,ATCSS11,17,2
10,2,ATCSS11,18,2
10,2,NoneSL14,19,2
10,2,NoneSL14,20,1
10,2,ATCLL16,21,2
10,2,ATCLL16,22,2
10,2,ATCLL8,23,2
10,2,ATCLL8,24,1
10,2,NoneLL12,25,3
10,2,NoneLL12,26,1
10,2,NoneLL4,27,2
10,2,NoneLL4,28,1
10,2,ATCSS3,29,3
10,2,ATCSS3,30,2
10,2,ATCLS1,31,3
10,2,ATCLS1,32,2
44,2,NoneSL4,1,5
44,2,NoneSL4,2,4
44,2,NoneLS11,3,7
44,2,NoneLS11,4,6
44,2,NoneLL10,5,7
44,2,NoneLL10,6,5
44,2,ATCLL14,7,6
44,2,ATCLL14,8,3
44,2,ATCLS15,9,7
44,2,ATCLS15,10,5
44,2,ATCSS9,11,4
44,2,ATCSS9,12,2
44,2,ATCLL6,13,5
44,2,ATCLL6,14,1
44,2,NoneLL2,15,5
44,2,NoneLL2,16,4
44,2,ATCLS7,17,7
44,2,ATCLS7,18,5
44,2,NoneLS3,19,4
44,2,NoneLS3,20,1
44,2,NoneSS5,21,6
44,2,NoneSS5,22,2
44,2,NoneSS13,23,5
44,2,NoneSS13,24,6
44,2,ATCSL16,25,6
44,2,ATCSL16,26,3
44,2,NoneSL12,27,6
44,2,NoneSL12,28,4
44,2,ATCSL8,29,4
44,2,ATCSL8,30,4
44,2,ATCSS1,31,4
44,2,ATCSS1,32,3
39,2,NoneLL15,1,4
39,2,NoneLL15,2,3
39,2,ATCLL3,3,4
39,2,ATCLL3,4,3
39,2,NoneSS2,5,4
39,2,NoneSS2,6,4
39,2,NoneLL7,7,4
39,2,NoneLL7,8,3
39,2,NoneSS10,9,4
39,2,NoneSS10,10,4
39,2,NoneSL1,11,4
39,2,NoneSL1,12,4
39,2,ATCSL5,13,4
39,2,ATCSL5,14,4
39,2,ATCLS4,15,4
39,2,ATCLS4,16,4
39,2,ATCSL13,17,4
39,2,ATCSL13,18,4
39,2,ATCLS12,19,4
39,2,ATCLS12,20,4
39,2,ATCSS14,21,4
39,2,ATCSS14,22,4
39,2,NoneSL9,23,4
39,2,NoneSL9,24,4
39,2,NoneLS8,25,4
39,2,NoneLS8,26,4
39,2,ATCLL11,27,5
39,2,ATCLL11,28,5
39,2,NoneLS16,29,4
39,2,NoneLS16,30,4
39,2,ATCSS6,31,4
39,2,ATCSS6,32,3
55,2,NoneSS10,1,1
55,2,NoneSS10,2,0
55,2,NoneLS16,3,1
55,2,NoneLS16,4,0
55,2,ATCSS6,5,1
55,2,ATCSS6,6,0
55,2,ATCLL11,7,2
55,2,ATCLL11,8,0
55,2,ATCLS12,9,2
55,2,ATCLS12,10,0
55,2,NoneLL15,11,2
55,2,NoneLL15,12,0
55,2,ATCLL3,13,1
55,2,ATCLL3,14,0
55,2,NoneSS2,15,1
55,2,NoneSS2,16,0
55,2,NoneLS8,17,1
55,2,NoneLS8,18,0
55,2,NoneSL9,19,1
55,2,NoneSL9,20,0
55,2,NoneSL1,21,1
55,2,NoneSL1,22,0
55,2,ATCLS4,23,1
55,2,ATCLS4,24,0
55,2,ATCSL13,25,1
55,2,ATCSL13,26,0
55,2,ATCSL5,27,3
55,2,ATCSL5,28,0
55,2,ATCSS14,29,2
55,2,ATCSS14,30,0
55,2,NoneLL7,31,1
55,2,NoneLL7,32,0
03,2,ATCSL1,1,2
03,2,ATCSL1,2,1
03,2,NoneSS6,3,3
03,2,NoneSS6,4,3
03,2,NoneLS12,5,2
03,2,NoneLS12,6,1
03,2,ATCLL7,7,3
03,2,ATCLL7,8,4
03,2,ATCLS8,9,3
03,2,ATCLS8,10,2
03,2,NoneLS4,11,2
03,2,NoneLS4,12,1
03,2,NoneSL5,13,4
03,2,NoneSL5,14,3
03,2,NoneSL13,15,2
03,2,NoneSL13,16,3
03,2,ATCSS10,17,2
03,2,ATCSS10,18,2
03,2,ATCLL15,19,3
03,2,ATCLL15,20,3
03,2,NoneLL3,21,3
03,2,NoneLL3,22,2
03,2,NoneSS14,23,2
03,2,NoneSS14,24,3
03,2,ATCLS16,25,2
03,2,ATCLS16,26,2
03,2,ATCSS2,27,4
03,2,ATCSS2,28,2
03,2,ATCSL9,29,3
03,2,ATCSL9,30,2
03,2,NoneLL11,31,3
03,2,NoneLL11,32,3
82R,2,ATCSL10,1,3
82R,2,ATCSL10,2,2
82R,2,ATCLS1,3,4
82R,2,ATCLS1,4,2
82R,2,ATCLL16,5,3
82R,2,ATCLL16,6,2
82R,2,ATCSS11,7,2
82R,2,ATCSS11,8,1
82R,2,ATCSL2,9,4
82R,2,ATCSL2,10,2
82R,2,NoneSS15,11,1
82R,2,NoneSS15,12,1
82R,2,NoneSL6,13,2
82R,2,NoneSL6,14,1
82R,2,NoneLL4,15,3
82R,2,NoneLL4,16,1
82R,2,NoneLL12,17,2
82R,2,NoneLL12,18,1
82R,2,NoneLS13,19,3
82R,2,NoneLS13,20,2
82R,2,ATCLS9,21,1
82R,2,ATCLS9,22,0
82R,2,NoneSS7,23,3
82R,2,NoneSS7,24,1
82R,2,ATCLL8,25,1
82R,2,ATCLL8,26,0
82R,2,NoneSL14,27,2
82R,2,NoneSL14,28,1
82R,2,ATCSS3,29,4
82R,2,ATCSS3,30,2
82R,2,NoneLS5,31,2
82R,2,NoneLS5,32,2
24,2,NoneSL16,1,4
24,2,NoneSL16,2,3
24,2,ATCLL10,3,2
24,2,ATCLL10,4,1
24,2,NoneLS15,5,1
24,2,NoneLS15,6,1
24,2,NoneSS9,7,2
24,2,NoneSS9,8,2
24,2,NoneLL6,9,2
24,2,NoneLL6,10,3
24,2,ATCSS5,11,2
24,2,ATCSS5,12,3
24,2,NoneLS7,13,3
24,2,NoneLS7,14,2
24,2,NoneSL8,15,1
24,2,NoneSL8,16,1
24,2,ATCSS13,17,1
24,2,ATCSS13,18,1
24,2,NoneSS1,19,1
24,2,NoneSS1,20,1
24,2,ATCSL4,21,1
24,2,ATCSL4,22,1
24,2,ATCSL12,23,1
24,2,ATCSL12,24,0
24,2,ATCLS3,25,1
24,2,ATCLS3,26,1
24,2,NoneLL14,27,1
24,2,NoneLL14,28,2
24,2,ATCLL2,29,2
24,2,ATCLL2,30,2
24,2,ATCLS11,31,1
24,2,ATCLS11,32,1
31B,2,ATCSL13,1,3
31B,2,ATCSL13,2,2
31B,2,ATCLS12,3,6
31B,2,ATCLS12,4,3
31B,2,NoneSL1,5,5
31B,2,NoneSL1,6,2
31B,2,NoneSS2,7,4
31B,2,NoneSS2,8,1
31B,2,NoneLS8,9,3
31B,2,NoneLS8,10,2
31B,2,ATCLL3,11,2
31B,2,ATCLL3,12,2
31B,2,NoneLS16,13,2
31B,2,NoneLS16,14,2
31B,2,ATCLS4,15,3
31B,2,ATCLS4,16,2
31B,2,ATCSS14,17,3
31B,2,ATCSS14,18,3
31B,2,NoneSL9,19,4
31B,2,NoneSL9,20,3
31B,2,ATCSS6,21,4
31B,2,ATCSS6,22,4
31B,2,ATCSL5,23,4
31B,2,ATCSL5,24,3
31B,2,NoneLL15,25,3
31B,2,NoneLL15,26,2
31B,2,ATCLL11,27,5
31B,2,ATCLL11,28,4
31B,2,NoneSS10,29,5
31B,2,NoneSS10,30,4
31B,2,NoneLL7,31,5
31B,2,NoneLL7,32,4
25C,2,ATCSL3,1,1
25C,2,ATCSL3,2,2
25C,2,NoneLL5,3,1
25C,2,NoneLL5,4,1
25C,2,ATCLL1,5,2
25C,2,ATCLL1,6,2
25C,2,ATCLS2,7,2
25C,2,ATCLS2,8,1
25C,2,NoneSL15,9,2
25C,2,NoneSL15,10,2
25C,2,ATCSL11,11,2
25C,2,ATCSL11,12,2
25C,2,ATCLS10,13,4
25C,2,ATCLS10,14,2
25C,2,NoneSS8,15,2
25C,2,NoneSS8,16,1
25C,2,NoneLL13,17,3
25C,2,NoneLL13,18,3
25C,2,ATCSS12,19,3
25C,2,ATCSS12,20,3
25C,2,NoneLS14,21,3
25C,2,NoneLS14,22,3
25C,2,ATCLL9,23,4
25C,2,ATCLL9,24,3
25C,2,NoneLS6,25,4
25C,2,NoneLS6,26,2
25C,2,ATCSS4,27,3
25C,2,ATCSS4,28,2
25C,2,NoneSS16,29,4
25C,2,NoneSS16,30,4
25C,2,NoneSL7,31,3
25C,2,NoneSL7,32,3
07,2,ATCSL5,1,1
07,2,ATCSL5,2,0
07,2,NoneSL9,3,1
07,2,NoneSL9,4,0
07,2,ATCSS6,5,2
07,2,ATCSS6,6,1
07,2,NoneSS2,7,0
07,2,NoneSS2,8,0
07,2,ATCLL3,9,1
07,2,ATCLL3,10,1
07,2,NoneLS8,11,1
07,2,NoneLS8,12,2
07,2,NoneSS10,13,0
07,2,NoneSS10,14,1
07,2,ATCSL13,15,2
07,2,ATCSL13,16,2
07,2,NoneLL7,17,1
07,2,NoneLL7,18,1
07,2,NoneLS16,19,1
07,2,NoneLS16,20,1
07,2,ATCSS14,21,1
07,2,ATCSS14,22,1
07,2,ATCLS12,23,2
07,2,ATCLS12,24,3
07,2,ATCLS4,25,1
07,2,ATCLS4,26,1
07,2,NoneSL1,27,1
07,2,NoneSL1,28,1
07,2,ATCLL11,29,1
07,2,ATCLL11,30,1
07,2,NoneLL15,31,1
07,2,NoneLL15,32,1
37,2,NoneSL11,1,5
37,2,NoneSL11,2,5
37,2,ATCSL7,3,6
37,2,ATCSL7,4,5
37,2,NoneLL9,5,5
37,2,NoneLL9,6,4
37,2,NoneSS4,7,4
37,2,NoneSS4,8,1
37,2,ATCSS8,9,5
37,2,ATCSS8,10,5
37,2,ATCLL5,11,5
37,2,ATCLL5,12,3
37,2,ATCLL13,13,5
37,2,ATCLL13,14,5
37,2,NoneLS2,15,6
37,2,NoneLS2,16,5
37,2,ATCSS16,17,5
37,2,ATCSS16,18,5
37,2,ATCLS14,19,4
37,2,ATCLS14,20,3
37,2,ATCLS6,21,6
37,2,ATCLS6,22,4
37,2,ATCSL15,23,5
37,2,ATCSL15,24,3
37,2,NoneSL3,25,5
37,2,NoneSL3,26,3
37,2,NoneLS10,27,6
37,2,NoneLS10,28,6
37,2,NoneSS12,29,4
37,2,NoneSS12,30,2
37,2,NoneLL1,31,6
37,2,NoneLL1,32,4
33,2,NoneSL7,1,4
33,2,NoneSL7,2,2
33,2,ATCLS10,3,3
33,2,ATCLS10,4,2
33,2,NoneSS16,5,5
33,2,NoneSS16,6,2
33,2,ATCSL3,7,4
33,2,ATCSL3,8,2
33,2,ATCSS4,9,6
33,2,ATCSS4,10,3
33,2,NoneLS14,11,5
33,2,NoneLS14,12,2
33,2,ATCSL11,13,5
33,2,ATCSL11,14,4
33,2,NoneLS6,15,5
33,2,NoneLS6,16,3
33,2,ATCLL1,17,5
33,2,ATCLL1,18,3
33,2,ATCSS12,19,6
33,2,ATCSS12,20,4
33,2,NoneLL5,21,6
33,2,NoneLL5,22,5
33,2,NoneLL13,23,5
33,2,NoneLL13,24,5
33,2,ATCLL9,25,6
33,2,ATCLL9,26,4
33,2,NoneSS8,27,5
33,2,NoneSS8,28,3
33,2,ATCLS2,29,6
33,2,ATCLS2,30,3
33,2,NoneSL15,31,6
33,2,NoneSL15,32,3
61,2,ATCLL13,1,3
61,2,ATCLL13,2,3
61,2,ATCSL15,3,4
61,2,ATCSL15,4,4
61,2,NoneSL11,5,5
61,2,NoneSL11,6,3
61,2,ATCLL5,7,4
61,2,ATCLL5,8,3
61,2,NoneLS2,9,4
61,2,NoneLS2,10,3
61,2,ATCLS6,11,5
61,2,ATCLS6,12,2
61,2,NoneLS10,13,4
61,2,NoneLS10,14,1
61,2,ATCSS16,15,4
61,2,ATCSS16,16,2
61,2,NoneSS12,17,5
61,2,NoneSS12,18,3
61,2,ATCSS8,19,5
61,2,ATCSS8,20,2
61,2,ATCSL7,21,6
61,2,ATCSL7,22,3
61,2,NoneSL3,23,6
61,2,NoneSL3,24,3
61,2,NoneLL1,25,6
61,2,NoneLL1,26,2
61,2,NoneLL9,27,7
61,2,NoneLL9,28,3
61,2,ATCLS14,29,6
61,2,ATCLS14,30,2
61,2,NoneSS4,31,5
61,2,NoneSS4,32,1
35,2,ATCSL1,1,0
35,2,ATCSL1,2,3
35,2,NoneLS4,3,0
35,2,NoneLS4,4,3
35,2,ATCLS8,5,0
35,2,ATCLS8,6,2
35,2,NoneLS12,7,0
35,2,NoneLS12,8,2
35,2,ATCLL7,9,1
35,2,ATCLL7,10,3
35,2,ATCSL9,11,1
35,2,ATCSL9,12,3
35,2,NoneSS6,13,4
35,2,NoneSS6,14,3
35,2,NoneLL3,15,2
35,2,NoneLL3,16,2
35,2,ATCLL15,17,4
35,2,ATCLL15,18,4
35,2,ATCSS2,19,4
35,2,ATCSS2,20,4
35,2,ATCLS16,21,2
35,2,ATCLS16,22,2
35,2,NoneSS14,23,1
35,2,NoneSS14,24,2
35,2,NoneLL11,25,3
35,2,NoneLL11,26,3
35,2,NoneSL13,27,3
35,2,NoneSL13,28,4
35,2,ATCSS10,29,2
35,2,ATCSS10,30,3
35,2,NoneSL5,31,3
35,2,NoneSL5,32,3
06,2,NoneLS9,1,7
06,2,NoneLS9,2,0
06,2,NoneLL8,3,3
06,2,NoneLL8,4,2
06,2,ATCSS7,5,4
06,2,ATCSS7,6,3
06,2,NoneSS11,7,2
06,2,NoneSS11,8,1
06,2,NoneSS3,9,4
06,2,NoneSS3,10,3
06,2,ATCLL12,11,4
06,2,ATCLL12,12,3
06,2,ATCLS13,13,3
06,2,ATCLS13,14,3
06,2,ATCSS15,15,4
06,2,ATCSS15,16,3
06,2,ATCSL14,17,5
06,2,ATCSL14,18,4
06,2,NoneSL2,19,5
06,2,NoneSL2,20,4
06,2,NoneLL16,21,5
06,2,NoneLL16,22,3
06,2,NoneLS1,23,6
06,2,NoneLS1,24,4
06,2,ATCLS5,25,5
06,2,ATCLS5,26,3
06,2,ATCLL4,27,6
06,2,ATCLL4,28,3
06,2,ATCSL6,29,6
06,2,ATCSL6,30,3
06,2,NoneSL10,31,5
06,2,NoneSL10,32,2
90R,2,ATCLS9,1,2
90R,2,ATCLS9,2,1
90R,2,NoneSS7,3,3
90R,2,NoneSS7,4,4
90R,2,NoneLS5,5,3
90R,2,NoneLS5,6,2
90R,2,ATCSL2,7,3
90R,2,ATCSL2,8,3
90R,2,NoneSS15,9,2
90R,2,NoneSS15,10,2
90R,2,NoneLS13,11,3
90R,2,NoneLS13,12,2
90R,2,ATCSL10,13,3
90R,2,ATCSL10,14,3
90R,2,NoneSL6,15,4
90R,2,NoneSL6,16,3
90R,2,ATCSS11,17,3
90R,2,ATCSS11,18,4
90R,2,NoneSL14,19,3
90R,2,NoneSL14,20,3
90R,2,ATCLL16,21,4
90R,2,ATCLL16,22,3
90R,2,ATCLL8,23,4
90R,2,ATCLL8,24,4
90R,2,NoneLL12,25,4
90R,2,NoneLL12,26,4
90R,2,NoneLL4,27,3
90R,2,NoneLL4,28,3
90R,2,ATCSS3,29,3
90R,2,ATCSS3,30,2
90R,2,ATCLS1,31,3
90R,2,ATCLS1,32,2
09,2,NoneSL15,1,4
09,2,NoneSL15,2,3
09,2,ATCSS12,3,4
09,2,ATCSS12,4,3
09,2,NoneLS6,5,5
09,2,NoneLS6,6,5
09,2,NoneLL13,7,5
09,2,NoneLL13,8,4
09,2,ATCLL1,9,3
09,2,ATCLL1,10,2
09,2,NoneSS8,11,5
09,2,NoneSS8,12,5
09,2,ATCSL3,13,4
09,2,ATCSL3,14,2
09,2,ATCLL9,15,5
09,2,ATCLL9,16,3
09,2,ATCSL11,17,3
09,2,ATCSL11,18,2
09,2,NoneLS14,19,3
09,2,NoneLS14,20,1
09,2,ATCLS10,21,4
09,2,ATCLS10,22,2
09,2,ATCSS4,23,3
09,2,ATCSS4,24,2
09,2,NoneLL5,25,3
09,2,NoneLL5,26,5
09,2,NoneSL7,27,3
09,2,NoneSL7,28,4
09,2,NoneSS16,29,2
09,2,NoneSS16,30,1
09,2,ATCLS2,31,5
09,2,ATCLS2,32,5
21,2,ATCLL5,1,5
21,2,ATCLL5,2,4
21,2,NoneLS2,3,5
21,2,NoneLS2,4,5
21,2,ATCLS6,5,5
21,2,ATCLS6,6,4
21,2,NoneSL11,7,4
21,2,NoneSL11,8,5
21,2,NoneSL3,9,3
21,2,NoneSL3,10,4
21,2,NoneLL1,11,6
21,2,NoneLL1,12,4
21,2,ATCLL13,13,3
21,2,ATCLL13,14,3
21,2,ATCSL15,15,2
21,2,ATCSL15,16,3
21,2,ATCLS14,17,4
21,2,ATCLS14,18,6
21,2,ATCSS16,19,2
21,2,ATCSS16,20,5
21,2,NoneSS4,21,4
21,2,NoneSS4,22,5
21,2,NoneLS10,23,3
21,2,NoneLS10,24,4
21,2,NoneSS12,25,4
21,2,NoneSS12,26,5
21,2,ATCSL7,27,4
21,2,ATCSL7,28,2
21,2,ATCSS8,29,3
21,2,ATCSS8,30,4
21,2,NoneLL9,31,4
21,2,NoneLL9,32,5
59R,2,ATCLL7,1,3
59R,2,ATCLL7,2,1
59R,2,ATCSS10,3,3
59R,2,ATCSS10,4,1
59R,2,ATCSL9,5,3
59R,2,ATCSL9,6,1
59R,2,NoneLL11,7,3
59R,2,NoneLL11,8,1
59R,2,NoneLS12,9,2
59R,2,NoneLS12,10,1
59R,2,ATCSL1,11,2
59R,2,ATCSL1,12,1
59R,2,NoneSL13,13,2
59R,2,NoneSL13,14,1
59R,2,NoneSL5,15,2
59R,2,NoneSL5,16,1
59R,2,NoneSS14,17,2
59R,2,NoneSS14,18,1
59R,2,NoneLS4,19,2
59R,2,NoneLS4,20,1
59R,2,ATCLS8,21,2
59R,2,ATCLS8,22,1
59R,2,NoneLL3,23,2
59R,2,NoneLL3,24,1
59R,2,ATCLL15,25,2
59R,2,ATCLL15,26,1
59R,2,ATCSS2,27,2
59R,2,ATCSS2,28,1
59R,2,NoneSS6,29,2
59R,2,NoneSS6,30,1
59R,2,ATCLS16,31,2
59R,2,ATCLS16,32,1
57,2,ATCSS12,1,6
57,2,ATCSS12,2,5
57,2,NoneLS6,3,5
57,2,NoneLS6,4,5
57,2,NoneSS8,5,5
57,2,NoneSS8,6,5
57,2,NoneSS16,7,5
57,2,NoneSS16,8,4
57,2,ATCLL1,9,5
57,2,ATCLL1,10,5
57,2,ATCLS2,11,4
57,2,ATCLS2,12,4
57,2,ATCLL9,13,5
57,2,ATCLL9,14,5
57,2,NoneLL5,15,5
57,2,NoneLL5,16,5
57,2,ATCSL3,17,5
57,2,ATCSL3,18,5
57,2,NoneSL7,19,5
57,2,NoneSL7,20,5
57,2,NoneLS14,21,5
57,2,NoneLS14,22,5
57,2,ATCLS10,23,5
57,2,ATCLS10,24,5
57,2,ATCSS4,25,4
57,2,ATCSS4,26,4
57,2,ATCSL11,27,5
57,2,ATCSL11,28,5
57,2,NoneLL13,29,5
57,2,NoneLL13,30,5
57,2,NoneSL15,31,5
57,2,NoneSL15,32,5
28,2,ATCLS15,1,4
28,2,ATCLS15,2,3
28,2,NoneSL4,3,2
28,2,NoneSL4,4,2
28,2,NoneSS5,5,2
28,2,NoneSS5,6,2
28,2,NoneLL10,7,0
28,2,NoneLL10,8,0
28,2,NoneLS11,9,0
28,2,NoneLS11,10,0
28,2,ATCLL14,11,0
28,2,ATCLL14,12,0
28,2,NoneLL2,13,0
28,2,NoneLL2,14,0
28,2,ATCLS7,15,4
28,2,ATCLS7,16,5
28,2,NoneLS3,17,2
28,2,NoneLS3,18,4
28,2,NoneSL12,19,2
28,2,NoneSL12,20,2
28,2,ATCSS9,21,1
28,2,ATCSS9,22,0
28,2,ATCSS1,23,1
28,2,ATCSS1,24,0
28,2,NoneSS13,25,0
28,2,NoneSS13,26,0
28,2,ATCSL16,27,0
28,2,ATCSL16,28,0
28,2,ATCLL6,29,0
28,2,ATCLL6,30,0
28,2,ATCSL8,31,1
28,2,ATCSL8,32,0
15R,2,NoneLL15,1,3
15R,2,NoneLL15,2,1
15R,2,ATCLS4,3,3
15R,2,ATCLS4,4,1
15R,2,NoneLS16,5,3
15R,2,NoneLS16,6,1
15R,2,ATCLL11,7,5
15R,2,ATCLL11,8,5
15R,2,NoneLL7,9,4
15R,2,NoneLL7,10,4
15R,2,ATCSS6,11,2
15R,2,ATCSS6,12,2
15R,2,NoneSS10,13,3
15R,2,NoneSS10,14,3
15R,2,NoneSS2,15,2
15R,2,NoneSS2,16,2
15R,2,NoneLS8,17,5
15R,2,NoneLS8,18,4
15R,2,NoneSL1,19,3
15R,2,NoneSL1,20,3
15R,2,ATCLL3,21,4
15R,2,ATCLL3,22,4
15R,2,ATCSS14,23,4
15R,2,ATCSS14,24,4
15R,2,ATCSL5,25,6
15R,2,ATCSL5,26,7
15R,2,ATCLS12,27,2
15R,2,ATCLS12,28,2
15R,2,NoneSL9,29,2
15R,2,NoneSL9,30,2
15R,2,ATCSL13,31,3
15R,2,ATCSL13,32,4
53,2,NoneLL1,1,1
53,2,NoneLL1,2,2
53,2,NoneSS12,3,1
53,2,NoneSS12,4,3
53,2,ATCSS16,5,4
53,2,ATCSS16,6,6
53,2,NoneSL11,7,2
53,2,NoneSL11,8,4
53,2,ATCLL13,9,4
53,2,ATCLL13,10,6
53,2,ATCSL7,11,3
53,2,ATCSL7,12,5
53,2,ATCSL15,13,2
53,2,ATCSL15,14,3
53,2,NoneSS4,15,4
53,2,NoneSS4,16,6
53,2,ATCLL5,17,5
53,2,ATCLL5,18,7
53,2,NoneLL9,19,4
53,2,NoneLL9,20,6
53,2,NoneLS10,21,6
53,2,NoneLS10,22,7
53,2,ATCLS6,23,3
53,2,ATCLS6,24,6
53,2,NoneLS2,25,4
53,2,NoneLS2,26,6
53,2,NoneSL3,27,4
53,2,NoneSL3,28,7
53,2,ATCSS8,29,3
53,2,ATCSS8,30,5
53,2,ATCLS14,31,3
53,2,ATCLS14,32,5
20B,2,ATCSL16,1,3
20B,2,ATCSL16,2,3
20B,2,ATCLL6,3,3
20B,2,ATCLL6,4,4
20B,2,ATCLS7,5,4
20B,2,ATCLS7,6,5
20B,2,NoneLS3,7,3
20B,2,NoneLS3,8,2
20B,2,ATCLS15,9,2
20B,2,ATCLS15,10,2
20B,2,NoneLS11,11,3
20B,2,NoneLS11,12,1
20B,2,NoneLL10,13,3
20B,2,NoneLL10,14,2
20B,2,ATCSS1,15,3
20B,2,ATCSS1,16,2
20B,2,NoneSL4,17,3
20B,2,NoneSL4,18,2
20B,2,NoneSS5,19,4
20B,2,NoneSS5,20,3
20B,2,NoneSL12,21,4
20B,2,NoneSL12,22,2
20B,2,NoneLL2,23,3
20B,2,NoneLL2,24,3
20B,2,ATCSL8,25,4
20B,2,ATCSL8,26,3
20B,2,ATCSS9,27,3
20B,2,ATCSS9,28,2
20B,2,NoneSS13,29,3
20B,2,NoneSS13,30,1
20B,2,ATCLL14,31,4
20B,2,ATCLL14,32,2
22,2,ATCSL14,1,1
22,2,ATCSL14,2,1
22,2,ATCSS15,3,0
22,2,ATCSS15,4,0
22,2,NoneSS3,5,1
22,2,NoneSS3,6,1
22,2,ATCLL4,7,0
22,2,ATCLL4,8,0
22,2,NoneLL8,9,1
22,2,NoneLL8,10,1
22,2,NoneSL10,11,0
22,2,NoneSL10,12,0
22,2,NoneSL2,13,0
22,2,NoneSL2,14,1
22,2,ATCLS13,15,0
22,2,ATCLS13,16,2
22,2,NoneLS1,17,0
22,2,NoneLS1,18,0
22,2,ATCSL6,19,0
22,2,ATCSL6,20,0
22,2,ATCLS5,21,0
22,2,ATCLS5,22,0
22,2,ATCLL12,23,0
22,2,ATCLL12,24,1
22,2,ATCSS7,25,0
22,2,ATCSS7,26,2
22,2,NoneLS9,27,0
22,2,NoneLS9,28,0
22,2,NoneSS11,29,0
22,2,NoneSS11,30,0
22,2,NoneLL16,31,0
22,2,NoneLL16,32,0
19,2,ATCLS8,1,3
19,2,ATCLS8,2,1
19,2,ATCSS2,3,4
19,2,ATCSS2,4,1
19,2,ATCSL1,5,3
19,2,ATCSL1,6,1
19,2,ATCLL7,7,5
19,2,ATCLL7,8,1
19,2,ATCLL15,9,4
19,2,ATCLL15,10,2
19,2,ATCLS16,11,4
19,2,ATCLS16,12,3
19,2,NoneSL5,13,4
19,2,NoneSL5,14,3
19,2,NoneLL3,15,5
19,2,NoneLL3,16,3
19,2,ATCSL9,17,3
19,2,ATCSL9,18,5
19,2,NoneLS4,19,6
19,2,NoneLS4,20,3
19,2,NoneLS12,21,6
19,2,NoneLS12,22,2
19,2,ATCSS10,23,5
19,2,ATCSS10,24,2
19,2,NoneLL11,25,6
19,2,NoneLL11,26,3
19,2,NoneSS6,27,5
19,2,NoneSS6,28,2
19,2,NoneSS14,29,5
19,2,NoneSS14,30,3
19,2,NoneSL13,31,5
19,2,NoneSL13,32,2
08,2,NoneSL8,1,3
08,2,NoneSL8,2,2
08,2,ATCSL4,3,2
08,2,ATCSL4,4,2
08,2,ATCSL12,5,3
08,2,ATCSL12,6,2
08,2,ATCSS13,7,2
08,2,ATCSS13,8,2
08,2,ATCSS5,9,2
08,2,ATCSS5,10,1
08,2,ATCLL10,11,2
08,2,ATCLL10,12,1
08,2,ATCLS3,13,2
08,2,ATCLS3,14,1
08,2,NoneLL6,15,3
08,2,NoneLL6,16,1
08,2,NoneLL14,17,2
08,2,NoneLL14,18,0
08,2,ATCLL2,19,1
08,2,ATCLL2,20,0
08,2,NoneSS1,21,1
08,2,NoneSS1,22,0
08,2,ATCLS11,23,2
08,2,ATCLS11,24,0
08,2,NoneSL16,25,1
08,2,NoneSL16,26,0
08,2,NoneLS15,27,0
08,2,NoneLS15,28,0
08,2,NoneLS7,29,0
08,2,NoneLS7,30,0
08,2,NoneSS9,31,1
08,2,NoneSS9,32,0
17,2,ATCSS12,1,3
17,2,ATCSS12,2,3
17,2,ATCSL3,3,3
17,2,ATCSL3,4,3
17,2,NoneLL5,5,4
17,2,NoneLL5,6,5
17,2,NoneLS6,7,4
17,2,NoneLS6,8,4
17,2,ATCLS2,9,4
17,2,ATCLS2,10,4
17,2,NoneSL15,11,4
17,2,NoneSL15,12,4
17,2,ATCLS10,13,4
17,2,ATCLS10,14,5
17,2,NoneSS8,15,4
17,2,NoneSS8,16,4
17,2,NoneLS14,17,5
17,2,NoneLS14,18,5
17,2,ATCLL9,19,5
17,2,ATCLL9,20,5
17,2,ATCLL1,21,5
17,2,ATCLL1,22,5
17,2,NoneSL7,23,6
17,2,NoneSL7,24,6
17,2,ATCSS4,25,5
17,2,ATCSS4,26,5
17,2,NoneLL13,27,5
17,2,NoneLL13,28,5
17,2,ATCSL11,29,5
17,2,ATCSL11,30,5
17,2,NoneSS16,31,6
17,2,NoneSS16,32,6
62,2,ATCSS15,1,5
62,2,ATCSS15,2,3
62,2,ATCSL6,3,5
62,2,ATCSL6,4,3
62,2,NoneSL10,5,2
62,2,NoneSL10,6,1
62,2,NoneLS1,7,1
62,2,NoneLS1,8,1
62,2,ATCLL12,9,2
62,2,ATCLL12,10,1
62,2,ATCSS7,11,2
62,2,ATCSS7,12,2
62,2,ATCLS13,13,2
62,2,ATCLS13,14,2
62,2,NoneSS3,15,1
62,2,NoneSS3,16,1
62,2,NoneSL2,17,3
62,2,NoneSL2,18,2
62,2,NoneLL8,19,1
62,2,NoneLL8,20,1
62,2,ATCLL4,21,1
62,2,ATCLL4,22,0
62,2,ATCSL14,23,3
62,2,ATCSL14,24,2
62,2,NoneSS11,25,3
62,2,NoneSS11,26,2
62,2,NoneLS9,27,2
62,2,NoneLS9,28,1
62,2,ATCLS5,29,2
62,2,ATCLS5,30,1
62,2,NoneLL16,31,1
62,2,NoneLL16,32,1
52,2,ATCSL16,1,2
52,2,ATCSL16,2,1
52,2,NoneLS11,3,1
52,2,NoneLS11,4,1
52,2,ATCLL6,5,3
52,2,ATCLL6,6,2
52,2,ATCLS15,7,2
52,2,ATCLS15,8,2
52,2,ATCSS9,9,2
52,2,ATCSS9,10,2
52,2,NoneLL2,11,2
52,2,NoneLL2,12,1
52,2,NoneLL10,13,2
52,2,NoneLL10,14,1
52,2,ATCSS1,15,2
52,2,ATCSS1,16,2
52,2,NoneSL12,17,2
52,2,NoneSL12,18,1
52,2,NoneSL4,19,2
52,2,NoneSL4,20,2
52,2,NoneSS13,21,1
52,2,NoneSS13,22,1
52,2,NoneLS3,23,1
52,2,NoneLS3,24,1
52,2,ATCSL8,25,2
52,2,ATCSL8,26,2
52,2,NoneSS5,27,1
52,2,NoneSS5,28,1
52,2,ATCLS7,29,1
52,2,ATCLS7,30,1
52,2,ATCLL14,31,1
52,2,ATCLL14,32,1
29,2,ATCLL5,1,5
29,2,ATCLL5,2,3
29,2,NoneSS12,3,6
29,2,NoneSS12,4,2
29,2,ATCLS14,5,5
29,2,ATCLS14,6,4
29,2,ATCLS6,7,4
29,2,ATCLS6,8,4
29,2,NoneLS2,9,4
29,2,NoneLS2,10,3
29,2,ATCSS8,11,4
29,2,ATCSS8,12,4
29,2,ATCSL7,13,5
29,2,ATCSL7,14,3
29,2,NoneLS10,15,6
29,2,NoneLS10,16,3
29,2,ATCSS16,17,6
29,2,ATCSS16,18,3
29,2,NoneSL3,19,6
29,2,NoneSL3,20,2
29,2,NoneSL11,21,6
29,2,NoneSL11,22,3
29,2,ATCSL15,23,5
29,2,ATCSL15,24,3
29,2,NoneLL1,25,4
29,2,NoneLL1,26,3
29,2,NoneLL9,27,5
29,2,NoneLL9,28,3
29,2,ATCLL13,29,4
29,2,ATCLL13,30,3
29,2,NoneSS4,31,4
29,2,NoneSS4,32,3
56,2,ATCLL10,1,3
56,2,ATCLL10,2,1
56,2,NoneLS15,3,2
56,2,NoneLS15,4,3
56,2,NoneLS7,5,2
56,2,NoneLS7,6,0
56,2,ATCLS3,7,2
56,2,ATCLS3,8,1
56,2,ATCLL2,9,1
56,2,ATCLL2,10,1
56,2,ATCLS11,11,1
56,2,ATCLS11,12,4
56,2,NoneSL8,13,2
56,2,NoneSL8,14,0
56,2,NoneSS9,15,1
56,2,NoneSS9,16,0
56,2,NoneSS1,17,3
56,2,NoneSS1,18,2
56,2,ATCSL4,19,2
56,2,ATCSL4,20,1
56,2,NoneLL14,21,2
56,2,NoneLL14,22,2
56,2,NoneSL16,23,2
56,2,NoneSL16,24,0
56,2,ATCSS13,25,2
56,2,ATCSS13,26,3
56,2,ATCSL12,27,1
56,2,ATCSL12,28,3
56,2,ATCSS5,29,2
56,2,ATCSS5,30,2
56,2,NoneLL6,31,3
56,2,NoneLL6,32,2
60,2,ATCLL6,1,3
60,2,ATCLL6,2,3
60,2,NoneSS5,3,2
60,2,NoneSS5,4,2
60,2,NoneSS13,5,4
60,2,NoneSS13,6,3
60,2,NoneLS11,7,2
60,2,NoneLS11,8,1
60,2,NoneLL2,9,3
60,2,NoneLL2,10,33
60,2,NoneLL10,11,3
60,2,NoneLL10,12,2
60,2,ATCLS7,13,3
60,2,ATCLS7,14,1
60,2,ATCSL8,15,3
60,2,ATCSL8,16,1
60,2,NoneSL4,17,2
60,2,NoneSL4,18,3
60,2,ATCSS1,19,4
60,2,ATCSS1,20,5
60,2,NoneSL12,21,3
60,2,NoneSL12,22,4
60,2,NoneLS3,23,3
60,2,NoneLS3,24,4
60,2,ATCSS9,25,2
60,2,ATCSS9,26,3
60,2,ATCSL16,27,4
60,2,ATCSL16,28,5
60,2,ATCLL14,29,4
60,2,ATCLL14,30,1
60,2,ATCLS15,31,3
60,2,ATCLS15,32,5
25R,2,ATCSL3,1,4
25R,2,ATCSL3,2,3
25R,2,NoneLL5,3,4
25R,2,NoneLL5,4,3
25R,2,ATCLL1,5,2
25R,2,ATCLL1,6,1
25R,2,ATCLS2,7,2
25R,2,ATCLS2,8,1
25R,2,NoneSL15,9,2
25R,2,NoneSL15,10,2
25R,2,ATCSL11,11,2
25R,2,ATCSL11,12,2
25R,2,ATCLS10,13,1
25R,2,ATCLS10,14,1
25R,2,NoneSS8,15,2
25R,2,NoneSS8,16,1
25R,2,NoneLL13,17,2
25R,2,NoneLL13,18,2
25R,2,ATCSS12,19,1
25R,2,ATCSS12,20,1
25R,2,NoneLS14,21,2
25R,2,NoneLS14,22,2
25R,2,ATCLL9,23,1
25R,2,ATCLL9,24,1
25R,2,NoneLS6,25,1
25R,2,NoneLS6,26,1
25R,2,ATCSS4,27,1
25R,2,ATCSS4,28,1
25R,2,NoneSS16,29,1
25R,2,NoneSS16,30,1
25R,2,NoneSL7,31,1
25R,2,NoneSL7,32,1
01,2,NoneLS6,1,3
01,2,NoneLS6,2,3
01,2,NoneLL5,3,2
01,2,NoneLL5,4,3
01,2,ATCSL3,5,2
01,2,ATCSL3,6,1
01,2,NoneSL7,7,3
01,2,NoneSL7,8,4
01,2,ATCLL1,9,2
01,2,ATCLL1,10,0
01,2,NoneSL15,11,1
01,2,NoneSL15,12,1
01,2,NoneSS16,13,1
01,2,NoneSS16,14,0
01,2,ATCSL11,15,2
01,2,ATCSL11,16,2
01,2,ATCLL9,17,2
01,2,ATCLL9,18,0
01,2,ATCSS4,19,1
01,2,ATCSS4,20,1
01,2,NoneLL13,21,1
01,2,NoneLL13,22,0
01,2,ATCLS10,23,3
01,2,ATCLS10,24,2
01,2,NoneLS14,25,3
01,2,NoneLS14,26,3
01,2,NoneSS8,27,2
01,2,NoneSS8,28,2
01,2,ATCLS2,29,1
01,2,ATCLS2,30,0
01,2,ATCSS12,31,1
01,2,ATCSS12,32,0
34,2,ATCLS9,1,1
34,2,ATCLS9,2,0
34,2,NoneSS15,3,2
34,2,NoneSS15,4,2
34,2,ATCLL8,5,2
34,2,ATCLL8,6,1
34,2,NoneSS7,7,2
34,2,NoneSS7,8,2
34,2,NoneLS13,9,2
34,2,NoneLS13,10,2
34,2,NoneSL6,11,3
34,2,NoneSL6,12,2
34,2,NoneLL4,13,2
34,2,NoneLL4,14,2
34,2,NoneLS5,15,3
34,2,NoneLS5,16,3
34,2,ATCSL2,17,2
34,2,ATCSL2,18,2
34,2,ATCSS11,19,2
34,2,ATCSS11,20,2
34,2,NoneLL12,21,3
34,2,NoneLL12,22,2
34,2,ATCSL10,23,3
34,2,ATCSL10,24,4
34,2,ATCSS3,25,3
34,2,ATCSS3,26,4
34,2,ATCLS1,27,3
34,2,ATCLS1,28,2
34,2,ATCLL16,29,3
34,2,ATCLL16,30,2
34,2,NoneSL14,31,3
34,2,NoneSL14,32,3
54,2,ATCLS13,1,6
54,2,ATCLS13,2,2
54,2,ATCLL4,3,7
54,2,ATCLL4,4,1
54,2,ATCSL14,5,6
54,2,ATCSL14,6,2
54,2,NoneLS1,7,6
54,2,NoneLS1,8,2
54,2,NoneSS3,9,6
54,2,NoneSS3,10,2
54,2,NoneLS9,11,5
54,2,NoneLS9,12,2
54,2,NoneSS11,13,6
54,2,NoneSS11,14,2
54,2,ATCLS5,15,6
54,2,ATCLS5,16,3
54,2,NoneSL10,17,6
54,2,NoneSL10,18,2
54,2,ATCSS15,19,6
54,2,ATCSS15,20,3
54,2,NoneLL8,21,7
54,2,NoneLL8,22,2
54,2,ATCLL12,23,6
54,2,ATCLL12,24,3
54,2,ATCSL6,25,6
54,2,ATCSL6,26,4
54,2,ATCSS7,27,6
54,2,ATCSS7,28,4
54,2,NoneLL16,29,6
54,2,NoneLL16,30,2
54,2,NoneSL2,31,6
54,2,NoneSL2,32,2
64,2,ATCSL4,1,2
64,2,ATCSL4,2,1
64,2,ATCSS13,3,1
64,2,ATCSS13,4,1
64,2,NoneSS9,5,2
64,2,NoneSS9,6,2
64,2,ATCLS11,7,2
64,2,ATCLS11,8,2
64,2,NoneLL6,9,2
64,2,NoneLL6,10,2
64,2,NoneSL16,11,2
64,2,NoneSL16,12,2
64,2,ATCLL2,13,3
64,2,ATCLL2,14,2
64,2,NoneSL8,15,2
64,2,NoneSL8,16,2
64,2,NoneLS15,17,2
64,2,NoneLS15,18,2
64,2,NoneSS1,19,2
64,2,NoneSS1,20,2
64,2,ATCSL12,21,2
64,2,ATCSL12,22,2
64,2,NoneLL14,23,2
64,2,NoneLL14,24,2
64,2,ATCLS3,25,2
64,2,ATCLS3,26,2
64,2,ATCLL10,27,2
64,2,ATCLL10,28,2
64,2,NoneLS7,29,2
64,2,NoneLS7,30,2
64,2,ATCSS5,31,3
64,2,ATCSS5,32,3
48R,2,NoneLL6,1,3
48R,2,NoneLL6,2,4
48R,2,NoneSS9,3,3
48R,2,NoneSS9,4,2
48R,2,NoneSS1,5,3
48R,2,NoneSS1,6,4
48R,2,NoneSL16,7,4
48R,2,NoneSL16,8,4
48R,2,ATCLS11,9,3
48R,2,ATCLS11,10,3
48R,2,ATCLL2,11,3
48R,2,ATCLL2,12,3
48R,2,NoneLS7,13,4
48R,2,NoneLS7,14,3
48R,2,ATCLL10,15,4
48R,2,ATCLL10,16,4
48R,2,NoneSL8,17,3
48R,2,NoneSL8,18,2
48R,2,ATCLS3,19,5
48R,2,ATCLS3,20,4
48R,2,ATCSS13,21,3
48R,2,ATCSS13,22,3
48R,2,ATCSL12,23,3
48R,2,ATCSL12,24,3
48R,2,ATCSS5,25,3
48R,2,ATCSS5,26,3
48R,2,NoneLS15,27,3
48R,2,NoneLS15,28,3
48R,2,NoneLL14,29,2
48R,2,NoneLL14,30,2
48R,2,ATCSL4,31,4
48R,2,ATCSL4,32,4
46,2,ATCLL12,1,4
46,2,ATCLL12,2,3
46,2,NoneSS11,3,3
46,2,NoneSS11,4,4
46,2,NoneSL2,5,4
46,2,NoneSL2,6,5
46,2,NoneLL8,7,5
46,2,NoneLL8,8,5
46,2,NoneSL10,9,3
46,2,NoneSL10,10,4
46,2,NoneLS9,11,3
46,2,NoneLS9,12,3
46,2,NoneSS3,13,2
46,2,NoneSS3,14,4
46,2,ATCLL4,15,3
46,2,ATCLL4,16,4
46,2,ATCSS7,17,4
46,2,ATCSS7,18,4
46,2,ATCLS5,19,4
46,2,ATCLS5,20,4
46,2,NoneLS1,21,5
46,2,NoneLS1,22,4
46,2,ATCSL6,23,4
46,2,ATCSL6,24,4
46,2,ATCLS13,25,3
46,2,ATCLS13,26,4
46,2,NoneLL16,27,4
46,2,NoneLL16,28,5
46,2,ATCSS15,29,3
46,2,ATCSS15,30,3
46,2,ATCSL14,31,5
46,2,ATCSL14,32,5
15,2,NoneLL15,1,4
15,2,NoneLL15,2,2
15,2,ATCLS4,3,4
15,2,ATCLS4,4,3
15,2,NoneLS16,5,5
15,2,NoneLS16,6,3
15,2,ATCLL11,7,5
15,2,ATCLL11,8,3
15,2,NoneLL7,9,4
15,2,NoneLL7,10,3
15,2,ATCSS6,11,2
15,2,ATCSS6,12,4
15,2,NoneSS10,13,1
15,2,NoneSS10,14,5
15,2,NoneSS2,15,2
15,2,NoneSS2,16,5
15,2,NoneLS8,17,2
15,2,NoneLS8,18,5
15,2,NoneSL1,19,2
15,2,NoneSL1,20,5
15,2,ATCLL3,21,3
15,2,ATCLL3,22,2
15,2,ATCSS14,23,1
15,2,ATCSS14,24,4
15,2,ATCSL5,25,3
15,2,ATCSL5,26,4
15,2,ATCLS12,27,3
15,2,ATCLS12,28,3
15,2,NoneSL9,29,3
15,2,NoneSL9,30,5
15,2,ATCSL13,31,3
15,2,ATCSL13,32,5
12,2,ATCLL6,1,3
12,2,ATCLL6,2,2
12,2,NoneLL2,3,4
12,2,NoneLL2,4,4
12,2,ATCSL8,5,4
12,2,ATCSL8,6,4
12,2,NoneSL4,7,4
12,2,NoneSL4,8,2
12,2,ATCLS7,9,4
12,2,ATCLS7,10,3
12,2,NoneLL10,11,5
12,2,NoneLL10,12,4
12,2,NoneSS5,13,3
12,2,NoneSS5,14,3
12,2,ATCSL16,15,4
12,2,ATCSL16,16,4
12,2,ATCLS15,17,5
12,2,ATCLS15,18,5
12,2,NoneSS13,19,3
12,2,NoneSS13,20,3
12,2,ATCLL14,21,4
12,2,ATCLL14,22,4
12,2,NoneLS11,23,4
12,2,NoneLS11,24,4
12,2,NoneLS3,25,4
12,2,NoneLS3,26,4
12,2,ATCSS9,27,5
12,2,ATCSS9,28,5
12,2,ATCSS1,29,3
12,2,ATCSS1,30,3
12,2,NoneSL12,31,3
12,2,NoneSL12,32,2
23,2,ATCSL5,1,3
23,2,ATCSL5,2,3
23,2,NoneSL9,3,2
23,2,NoneSL9,4,2
23,2,ATCLS4,5,2
23,2,ATCLS4,6,2
23,2,ATCLS12,7,2
23,2,ATCLS12,8,2
23,2,ATCSS14,9,2
23,2,ATCSS14,10,2
23,2,NoneLL15,11,2
23,2,NoneLL15,12,2
23,2,NoneSL1,13,2
23,2,NoneSL1,14,2
23,2,ATCSS6,15,2
23,2,ATCSS6,16,2
23,2,ATCLL11,17,2
23,2,ATCLL11,18,2
23,2,NoneSS10,19,2
23,2,NoneSS10,20,2
23,2,ATCLL3,21,2
23,2,ATCLL3,22,2
23,2,ATCSL13,23,2
23,2,ATCSL13,24,2
23,2,NoneLL7,25,5
23,2,NoneLL7,26,5
23,2,NoneLS16,27,2
23,2,NoneLS16,28,2
23,2,NoneSS2,29,1
23,2,NoneSS2,30,1
23,2,NoneLS8,31,2
23,2,NoneLS8,32,2
38,2,NoneSS3,1,2
38,2,NoneSS3,2,1
38,2,NoneSS11,3,1
38,2,NoneSS11,4,1
38,2,NoneSL10,5,1
38,2,NoneSL10,6,1
38,2,ATCSS15,7,1
38,2,ATCSS15,8,1
38,2,ATCSS7,9,1
38,2,ATCSS7,10,1
38,2,ATCLS5,11,1
38,2,ATCLS5,12,1
38,2,ATCLS13,13,1
38,2,ATCLS13,14,1
38,2,ATCSL6,15,1
38,2,ATCSL6,16,1
38,2,ATCLL4,17,0
38,2,ATCLL4,18,0
38,2,NoneLL8,19,0
38,2,NoneLL8,20,0
38,2,NoneLS1,21,1
38,2,NoneLS1,22,1
38,2,NoneSL2,23,0
38,2,NoneSL2,24,0
38,2,NoneLL16,25,0
38,2,NoneLL16,26,5
38,2,ATCLL12,27,0
38,2,ATCLL12,28,5
38,2,NoneLS9,29,0
38,2,NoneLS9,30,5
38,2,ATCSL14,31,0
38,2,ATCSL14,32,5
41,2,ATCLL9,1,5
41,2,ATCLL9,2,4
41,2,ATCSS4,3,6
41,2,ATCSS4,4,5
41,2,ATCLS10,5,6
41,2,ATCLS10,6,4
41,2,ATCSL3,7,7
41,2,ATCSL3,8,4
41,2,NoneSS16,9,7
41,2,NoneSS16,10,5
41,2,ATCSL11,11,6
41,2,ATCSL11,12,5
41,2,NoneSL15,13,7
41,2,NoneSL15,14,6
41,2,ATCLS2,15,6
41,2,ATCLS2,16,5
41,2,NoneLL13,17,7
41,2,NoneLL13,18,7
41,2,NoneSL7,19,6
41,2,NoneSL7,20,4
41,2,ATCLL1,21,5
41,2,ATCLL1,22,6
41,2,NoneLS6,23,6
41,2,NoneLS6,24,5
41,2,NoneLL5,25,6
41,2,NoneLL5,26,5
41,2,ATCSS12,27,6
41,2,ATCSS12,28,6
41,2,NoneLS14,29,5
41,2,NoneLS14,30,5
41,2,NoneSS8,31,6
41,2,NoneSS8,32,4
20R,2,ATCSL16,1,0
20R,2,ATCSL16,2,0
20R,2,ATCLL6,3,0
20R,2,ATCLL6,4,0
20R,2,ATCLS7,5,0
20R,2,ATCLS7,6,0
20R,2,NoneLS3,7,0
20R,2,NoneLS3,8,0
20R,2,ATCLS15,9,0
20R,2,ATCLS15,10,0
20R,2,NoneLS11,11,0
20R,2,NoneLS11,12,0
20R,2,NoneLL10,13,0
20R,2,NoneLL10,14,0
20R,2,ATCSS1,15,0
20R,2,ATCSS1,16,0
20R,2,NoneSL4,17,0
20R,2,NoneSL4,18,0
20R,2,NoneSS5,19,0
20R,2,NoneSS5,20,0
20R,2,NoneSL12,21,0
20R,2,NoneSL12,22,0
20R,2,NoneLL2,23,0
20R,2,NoneLL2,24,0
20R,2,ATCSL8,25,1
20R,2,ATCSL8,26,0
20R,2,ATCSS9,27,0
20R,2,ATCSS9,28,0
20R,2,NoneSS13,29,0
20R,2,NoneSS13,30,0
20R,2,ATCLL14,31,0
20R,2,ATCLL14,32,0
02,2,ATCSL10,1,5
02,2,ATCSL10,2,4
02,2,ATCLS1,3,6
02,2,ATCLS1,4,3
02,2,ATCLL16,5,4
02,2,ATCLL16,6,5
02,2,ATCSS11,7,5
02,2,ATCSS11,8,4
02,2,ATCSL2,9,5
02,2,ATCSL2,10,3
02,2,NoneSS15,11,6
02,2,NoneSS15,12,5
02,2,NoneSL6,13,3
02,2,NoneSL6,14,3
02,2,NoneLL4,15,4
02,2,NoneLL4,16,2
02,2,NoneLL12,17,4
02,2,NoneLL12,18,6
02,2,NoneLS13,19,5
02,2,NoneLS13,20,3
02,2,ATCLS9,21,5
02,2,ATCLS9,22,7
02,2,NoneSS7,23,5
02,2,NoneSS7,24,4
02,2,ATCLL8,25,5
02,2,ATCLL8,26,2
02,2,NoneSL14,27,3
02,2,NoneSL14,28,3
02,2,ATCSS3,29,5
02,2,ATCSS3,30,3
02,2,NoneLS5,31,5
02,2,NoneLS5,32,3
42,2,ATCSS11,1,2
42,2,ATCSS11,2,4
42,2,ATCLS1,3,2
42,2,ATCLS1,4,2
42,2,ATCLL16,5,2
42,2,ATCLL16,6,2
42,2,ATCLS9,7,3
42,2,ATCLS9,8,2
42,2,NoneLL12,9,2
42,2,NoneLL12,10,2
42,2,ATCSL2,11,2
42,2,ATCSL2,12,2
42,2,NoneLS13,13,2
42,2,NoneLS13,14,2
42,2,ATCLL8,15,2
42,2,ATCLL8,16,2
42,2,ATCSL10,17,2
42,2,ATCSL10,18,2
42,2,NoneSS7,19,2
42,2,NoneSS7,20,2
42,2,ATCSS3,21,2
42,2,ATCSS3,22,2
42,2,NoneSL14,23,2
42,2,NoneSL14,24,2
42,2,NoneLL4,25,2
42,2,NoneLL4,26,2
42,2,NoneLS5,27,2
42,2,NoneLS5,28,2
42,2,NoneSL6,29,2
42,2,NoneSL6,30,2
42,2,NoneSS15,31,1
42,2,NoneSS15,32,2
63,2,NoneLL7,1,5
63,2,NoneLL7,2,5
63,2,ATCLL3,3,5
63,2,ATCLL3,4,4
63,2,NoneSL1,5,4
63,2,NoneSL1,6,2
63,2,NoneSL9,7,3
63,2,NoneSL9,8,2
63,2,ATCLS4,9,3
63,2,ATCLS4,10,3
63,2,ATCLS12,11,3
63,2,ATCLS12,12,3
63,2,ATCSL5,13,4
63,2,ATCSL5,14,4
63,2,NoneSS2,15,4
63,2,NoneSS2,16,4
63,2,ATCSS6,17,3
63,2,ATCSS6,18,2
63,2,ATCLL11,19,4
63,2,ATCLL11,20,4
63,2,NoneLS8,21,4
63,2,NoneLS8,22,4
63,2,NoneSS10,23,4
63,2,NoneSS10,24,5
63,2,NoneLS16,25,3
63,2,NoneLS16,26,2
63,2,ATCSS14,27,3
63,2,ATCSS14,28,3
63,2,NoneLL15,29,3
63,2,NoneLL15,30,4
63,2,ATCSL13,31,3
63,2,ATCSL13,32,6
16,2,ATCLL2,1,5
16,2,ATCLL2,2,3
16,2,NoneLL6,3,6
16,2,NoneLL6,4,4
16,2,NoneLS15,5,6
16,2,NoneLS15,6,4
16,2,ATCSL4,7,6
16,2,ATCSL4,8,3
16,2,ATCSS5,9,6
16,2,ATCSS5,10,3
16,2,ATCLS3,11,6
16,2,ATCLS3,12,4
16,2,NoneLS7,13,6
16,2,NoneLS7,14,4
16,2,ATCSS13,15,6
16,2,ATCSS13,16,3
16,2,NoneSL8,17,6
16,2,NoneSL8,18,3
16,2,NoneSS1,19,6
16,2,NoneSS1,20,4
16,2,ATCLS11,21,6
16,2,ATCLS11,22,2
16,2,ATCLL10,23,6
16,2,ATCLL10,24,2
16,2,NoneSL16,25,6
16,2,NoneSL16,26,2
16,2,NoneLL14,27,6
16,2,NoneLL14,28,5
16,2,NoneSS9,29,6
16,2,NoneSS9,30,2
16,2,ATCSL12,31,6
16,2,ATCSL12,32,2
34RR,2,ATCLS9,1,1
34RR,2,ATCLS9,2,0
34RR,2,NoneSS15,3,1
34RR,2,NoneSS15,4,1
34RR,2,ATCLL8,5,0
34RR,2,ATCLL8,6,1
34RR,2,NoneSS7,7,0
34RR,2,NoneSS7,8,0
34RR,2,NoneLS13,9,0
34RR,2,NoneLS13,10,0
34RR,2,NoneSL6,11,2
34RR,2,NoneSL6,12,1
34RR,2,NoneLL4,13,4
34RR,2,NoneLL4,14,3
34RR,2,NoneLS5,15,1
34RR,2,NoneLS5,16,0
34RR,2,ATCSL2,17,1
34RR,2,ATCSL2,18,0
34RR,2,ATCSS11,19,0
34RR,2,ATCSS11,20,0
34RR,2,NoneLL12,21,3
34RR,2,NoneLL12,22,4
34RR,2,ATCSL10,23,1
34RR,2,ATCSL10,24,0
34RR,2,ATCSS3,25,0
34RR,2,ATCSS3,26,0
34RR,2,ATCLS1,27,0
34RR,2,ATCLS1,28,0
34RR,2,ATCLL16,29,3
34RR,2,ATCLL16,30,3
34RR,2,NoneSL14,31,5
34RR,2,NoneSL14,32,3
13,2,NoneLL1,1,2
13,2,NoneLL1,2,3
13,2,NoneSL11,3,3
13,2,NoneSL11,4,3
13,2,ATCSL7,5,4
13,2,ATCSL7,6,3
13,2,ATCLS6,7,5
13,2,ATCLS6,8,2
13,2,NoneLL9,9,3
13,2,NoneLL9,10,4
13,2,ATCSL15,11,3
13,2,ATCSL15,12,6
13,2,ATCLS14,13,3
13,2,ATCLS14,14,5
13,2,ATCSS8,15,2
13,2,ATCSS8,16,3
13,2,ATCSS16,17,3
13,2,ATCSS16,18,5
13,2,NoneSS12,19,2
13,2,NoneSS12,20,3
13,2,NoneSS4,21,2
13,2,NoneSS4,22,3
13,2,ATCLL13,23,3
13,2,ATCLL13,24,4
13,2,NoneLS10,25,3
13,2,NoneLS10,26,2
13,2,NoneLS2,27,3
13,2,NoneLS2,28,4
13,2,ATCLL5,29,4
13,2,ATCLL5,30,3
13,2,NoneSL3,31,3
13,2,NoneSL3,32,3
18B,2,NoneSL14,1,3
18B,2,NoneSL14,2,3
18B,2,ATCSS3,3,3
18B,2,ATCSS3,4,3
18B,2,ATCSL2,5,4
18B,2,ATCSL2,6,4
18B,2,ATCLS1,7,4
18B,2,ATCLS1,8,3
18B,2,NoneLL12,9,4
18B,2,NoneLL12,10,3
18B,2,ATCLS9,11,3
18B,2,ATCLS9,12,4
18B,2,ATCSL10,13,4
18B,2,ATCSL10,14,3
18B,2,NoneLS13,15,4
18B,2,NoneLS13,16,4
18B,2,ATCSS11,17,3
18B,2,ATCSS11,18,4
18B,2,NoneLL4,19,4
18B,2,NoneLL4,20,5
18B,2,ATCLL16,21,3
18B,2,ATCLL16,22,4
18B,2,ATCLL8,23,4
18B,2,ATCLL8,24,4
18B,2,NoneSL6,25,4
18B,2,NoneSL6,26,4
18B,2,NoneLS5,27,4
18B,2,NoneLS5,28,5
18B,2,NoneSS7,29,4
18B,2,NoneSS7,30,5
18B,2,NoneSS15,31,4
18B,2,NoneSS15,32,5
04,2,ATCSS1,1,5
04,2,ATCSS1,2,3
04,2,ATCLS15,3,4
04,2,ATCLS15,4,3
04,2,NoneSS13,5,2
04,2,NoneSS13,6,2
04,2,ATCSL8,7,5
04,2,ATCSL8,8,5
04,2,ATCLL14,9,2
04,2,ATCLL14,10,2
04,2,ATCLS7,11,4
04,2,ATCLS7,12,4
04,2,NoneSL12,13,3
04,2,NoneSL12,14,2
04,2,NoneLL10,15,3
04,2,NoneLL10,16,3
04,2,ATCLL6,17,4
04,2,ATCLL6,18,3
04,2,NoneLS3,19,4
04,2,NoneLS3,20,4
04,2,ATCSL16,21,3
04,2,ATCSL16,22,4
04,2,NoneLL2,23,2
04,2,NoneLL2,24,2
04,2,NoneSS5,25,3
04,2,NoneSS5,26,4
04,2,NoneLS11,27,3
04,2,NoneLS11,28,3
04,2,ATCSS9,29,2
04,2,ATCSS9,30,2
04,2,NoneSL4,31,3
04,2,NoneSL4,32,3
32,2,ATCSL4,1,4
32,2,ATCSL4,2,2
32,2,ATCSS13,3,5
32,2,ATCSS13,4,4
32,2,ATCLS11,5,4
32,2,ATCLS11,6,4
32,2,NoneLL6,7,5
32,2,NoneLL6,8,4
32,2,ATCLL2,9,5
32,2,ATCLL2,10,4
32,2,NoneSL8,11,5
32,2,NoneSL8,12,5
32,2,ATCSL12,13,4
32,2,ATCSL12,14,4
32,2,NoneSS9,15,3
32,2,NoneSS9,16,2
32,2,NoneSL16,17,2
32,2,NoneSL16,18,2
32,2,ATCSS5,19,5
32,2,ATCSS5,20,3
32,2,NoneSS1,21,3
32,2,NoneSS1,22,2
32,2,NoneLL14,23,4
32,2,NoneLL14,24,2
32,2,ATCLS3,25,4
32,2,ATCLS3,26,2
32,2,ATCLL10,27,4
32,2,ATCLL10,28,2
32,2,NoneLS15,29,4
32,2,NoneLS15,30,2
32,2,NoneLS7,31,4
32,2,NoneLS7,32,3
50,2,NoneSS7,1,2
50,2,NoneSS7,2,1
50,2,ATCLS9,3,2
50,2,ATCLS9,4,2
50,2,NoneLL4,5,2
50,2,NoneLL4,6,2
50,2,ATCSL10,7,2
50,2,ATCSL10,8,2
50,2,NoneSL14,9,2
50,2,NoneSL14,10,1
50,2,ATCSS3,11,3
50,2,ATCSS3,12,2
50,2,NoneLS5,13,2
50,2,NoneLS5,14,3
50,2,NoneLL12,15,2
50,2,NoneLL12,16,1
50,2,ATCLL16,17,3
50,2,ATCLL16,18,2
50,2,ATCLL8,19,3
50,2,ATCLL8,20,2
50,2,NoneSL6,21,3
50,2,NoneSL6,22,3
50,2,ATCLS1,23,2
50,2,ATCLS1,24,2
50,2,ATCSS11,25,3
50,2,ATCSS11,26,3
50,2,NoneLS13,27,3
50,2,NoneLS13,28,2
50,2,NoneSS15,29,2
50,2,NoneSS15,30,3
50,2,ATCSL2,31,3
50,2,ATCSL2,32,3
30,2,NoneSS11,1,3
30,2,NoneSS11,2,2
30,2,NoneLL8,3,7
30,2,NoneLL8,4,3
30,2,ATCLS5,5,2
30,2,ATCLS5,6,2
30,2,ATCLL12,7,3
30,2,ATCLL12,8,2
30,2,ATCSL14,9,3
30,2,ATCSL14,10,4
30,2,ATCSL6,11,3
30,2,ATCSL6,12,4
30,2,NoneLS9,13,2
30,2,NoneLS9,14,2
30,2,NoneSL10,15,3
30,2,NoneSL10,16,3
30,2,NoneSL2,17,4
30,2,NoneSL2,18,3
30,2,ATCLS13,19,3
30,2,ATCLS13,20,4
30,2,ATCSS15,21,4
30,2,ATCSS15,22,3
30,2,NoneLL16,23,3
30,2,NoneLL16,24,3
30,2,NoneSS3,25,1
30,2,NoneSS3,26,1
30,2,NoneLS1,27,1
30,2,NoneLS1,28,1
30,2,ATCSS7,29,3
30,2,ATCSS7,30,2
30,2,ATCLL4,31,2
30,2,ATCLL4,32,1
27,2,ATCSL1,1,2
27,2,ATCSL1,2,2
27,2,NoneSS6,3,2
27,2,NoneSS6,4,3
27,2,NoneLS4,5,2
27,2,NoneLS4,6,2
27,2,NoneSL13,7,3
27,2,NoneSL13,8,4
27,2,ATCLL15,9,2
27,2,ATCLL15,10,3
27,2,NoneSL5,11,2
27,2,NoneSL5,12,3
27,2,NoneSS14,13,2
27,2,NoneSS14,14,4
27,2,ATCLL7,15,3
27,2,ATCLL7,16,3
27,2,NoneLL11,17,1
27,2,NoneLL11,18,2
27,2,ATCLS8,19,2
27,2,ATCLS8,20,2
27,2,ATCSL9,21,2
27,2,ATCSL9,22,2
27,2,ATCLS16,23,2
27,2,ATCLS16,24,2
27,2,NoneLS12,25,2
27,2,NoneLS12,26,2
27,2,ATCSS2,27,2
27,2,ATCSS2,28,3
27,2,ATCSS10,29,2
27,2,ATCSS10,30,3
27,2,NoneLL3,31,2
27,2,NoneLL3,32,2
99R,2,ATCLS2,1,5
99R,2,ATCLS2,2,3
99R,2,NoneSS16,3,3
99R,2,NoneSS16,4,3
99R,2,NoneLL13,5,3
99R,2,NoneLL13,6,3
99R,2,NoneLS14,7,3
99R,2,NoneLS14,8,3
99R,2,NoneSL7,9,4
99R,2,NoneSL7,10,4
99R,2,NoneSS8,11,4
99R,2,NoneSS8,12,4
99R,2,ATCSL11,13,4
99R,2,ATCSL11,14,4
99R,2,ATCSS12,15,4
99R,2,ATCSS12,16,4
99R,2,ATCSL3,17,3
99R,2,ATCSL3,18,3
99R,2,ATCSS4,19,4
99R,2,ATCSS4,20,4
99R,2,ATCLL9,21,4
99R,2,ATCLL9,22,4
99R,2,ATCLL1,23,5
99R,2,ATCLL1,24,4
99R,2,NoneLS6,25,3
99R,2,NoneLS6,26,3
99R,2,ATCLS10,27,3
99R,2,ATCLS10,28,3
99R,2,NoneLL5,29,3
99R,2,NoneLL5,30,3
99R,2,NoneSL15,31,3
99R,2,NoneSL15,32,3
11,2,NoneLL3,1,3
11,2,NoneLL3,2,2
11,2,NoneLS4,3,2
11,2,NoneLS4,4,2
11,2,NoneSS14,5,3
11,2,NoneSS14,6,1
11,2,ATCSS10,7,3
11,2,ATCSS10,8,1
11,2,ATCLS16,9,3
11,2,ATCLS16,10,0
11,2,NoneLS12,11,4
11,2,NoneLS12,12,0
11,2,NoneSS6,13,2
11,2,NoneSS6,14,0
11,2,ATCSS2,15,2
11,2,ATCSS2,16,0
11,2,ATCLS8,17,4
11,2,ATCLS8,18,1
11,2,NoneSL5,19,3
11,2,NoneSL5,20,1
11,2,NoneSL13,21,2
11,2,NoneSL13,22,0
11,2,ATCLL15,23,1
11,2,ATCLL15,24,0
11,2,ATCSL1,25,0
11,2,ATCSL1,26,0
11,2,NoneLL11,27,0
11,2,NoneLL11,28,0
11,2,ATCSL9,29,1
11,2,ATCSL9,30,0
11,2,ATCLL7,31,2
11,2,ATCLL7,32,0
26,2,NoneSS7,1,5
26,2,NoneSS7,2,0
26,2,ATCLL16,3,5
26,2,ATCLL16,4,1
26,2,ATCLL8,5,4
26,2,ATCLL8,6,2
26,2,ATCSL10,7,5
26,2,ATCSL10,8,2
26,2,NoneLS5,9,6
26,2,NoneLS5,10,3
26,2,NoneSL6,11,6
26,2,NoneSL6,12,0
26,2,NoneLS13,13,6
26,2,NoneLS13,14,0
26,2,NoneLL4,15,0
26,2,NoneLL4,16,0
26,2,NoneSL14,17,5
26,2,NoneSL14,18,4
26,2,ATCLS9,19,7
26,2,ATCLS9,20,0
26,2,NoneLL12,21,7
26,2,NoneLL12,22,0
26,2,ATCSL2,23,7
26,2,ATCSL2,24,0
26,2,ATCLS1,25,7
26,2,ATCLS1,26,0
26,2,NoneSS15,27,7
26,2,NoneSS15,28,0
26,2,ATCSS3,29,7
26,2,ATCSS3,30,0
26,2,ATCSS11,31,7
26,2,ATCSS11,32,0
26R,2,NoneSS7,1,4
26R,2,NoneSS7,2,2
26R,2,ATCLL16,3,3
26R,2,ATCLL16,4,2
26R,2,ATCLL8,5,4
26R,2,ATCLL8,6,2
26R,2,ATCSL10,7,3
26R,2,ATCSL10,8,1
26R,2,NoneLS5,9,3
26R,2,NoneLS5,10,2
26R,2,NoneSL6,11,5
26R,2,NoneSL6,12,2
26R,2,NoneLS13,13,4
26R,2,NoneLS13,14,2
26R,2,NoneLL4,15,3
26R,2,NoneLL4,16,2
26R,2,NoneSL14,17,3
26R,2,NoneSL14,18,1
26R,2,ATCLS9,19,3
26R,2,ATCLS9,20,4
26R,2,NoneLL12,21,3
26R,2,NoneLL12,22,2
26R,2,ATCSL2,23,3
26R,2,ATCSL2,24,2
26R,2,ATCLS1,25,2
26R,2,ATCLS1,26,3
26R,2,NoneSS15,27,3
26R,2,NoneSS15,28,2
26R,2,ATCSS3,29,3
26R,2,ATCSS3,30,2
26R,2,ATCSS11,31,3
26R,2,ATCSS11,32,1
40,2,NoneLS7,1,2
40,2,NoneLS7,2,2
40,2,NoneLL14,3,3
40,2,NoneLL14,4,2
40,2,ATCSS5,5,4
40,2,ATCSS5,6,2
40,2,ATCLS3,7,2
40,2,ATCLS3,8,2
40,2,ATCLS11,9,2
40,2,ATCLS11,10,2
40,2,NoneSL8,11,3
40,2,NoneSL8,12,2
40,2,ATCLL2,13,2
40,2,ATCLL2,14,2
40,2,ATCLL10,15,3
40,2,ATCLL10,16,2
40,2,ATCSL4,17,2
40,2,ATCSL4,18,2
40,2,ATCSL12,19,3
40,2,ATCSL12,20,4
40,2,NoneLL6,21,3
40,2,NoneLL6,22,3
40,2,ATCSS13,23,2
40,2,ATCSS13,24,2
40,2,NoneSL16,25,2
40,2,NoneSL16,26,2
40,2,NoneLS15,27,2
40,2,NoneLS15,28,2
40,2,NoneSS9,29,2
40,2,NoneSS9,30,2
40,2,NoneSS1,31,2
40,2,NoneSS1,32,2
43,2,ATCLL7,1,2
43,2,ATCLL7,2,5
43,2,ATCLL15,3,2
43,2,ATCLL15,4,1
43,2,NoneLS4,5,0
43,2,NoneLS4,6,0
43,2,NoneSS14,7,2
43,2,NoneSS14,8,5
43,2,ATCLS8,9,2
43,2,ATCLS8,10,1
43,2,ATCSL9,11,3
43,2,ATCSL9,12,0
43,2,ATCSS10,13,0
43,2,ATCSS10,14,0
43,2,NoneLS12,15,1
43,2,NoneLS12,16,1
43,2,ATCLS16,17,4
43,2,ATCLS16,18,3
43,2,NoneLL3,19,5
43,2,NoneLL3,20,6
43,2,NoneSL13,21,5
43,2,NoneSL13,22,5
43,2,NoneLL11,23,0
43,2,NoneLL11,24,0
43,2,ATCSS2,25,0
43,2,ATCSS2,26,0
43,2,NoneSL5,27,6
43,2,NoneSL5,28,7
43,2,NoneSS6,29,6
43,2,NoneSS6,30,7
43,2,ATCSL1,31,0
43,2,ATCSL1,32,1
47B,2,NoneLL7,1,0
47B,2,NoneLL7,2,2
47B,2,NoneSL1,3,0
47B,2,NoneSL1,4,1
47B,2,ATCSS6,5,0
47B,2,ATCSS6,6,0
47B,2,ATCLL11,7,0
47B,2,ATCLL11,8,0
47B,2,NoneLS8,9,0
47B,2,NoneLS8,10,0
47B,2,ATCSL13,11,0
47B,2,ATCSL13,12,3
47B,2,ATCLS4,13,0
47B,2,ATCLS4,14,0
47B,2,ATCSL5,15,0
47B,2,ATCSL5,16,1
47B,2,NoneLS16,17,0
47B,2,NoneLS16,18,0
47B,2,NoneLL15,19,0
47B,2,NoneLL15,20,0
47B,2,NoneSS2,21,0
47B,2,NoneSS2,22,0
47B,2,NoneSL9,23,0
47B,2,NoneSL9,24,0
47B,2,ATCLL3,25,0
47B,2,ATCLL3,26,0
47B,2,NoneSS10,27,0
47B,2,NoneSS10,28,0
47B,2,ATCLS12,29,0
47B,2,ATCLS12,30,0
47B,2,ATCSS14,31,0
47B,2,ATCSS14,32,0
36,2,ATCLL6,1,4
36,2,ATCLL6,2,4
36,2,ATCSL16,3,3
36,2,ATCSL16,4,4
36,2,ATCLL14,5,4
36,2,ATCLL14,6,3
36,2,NoneLS3,7,3
36,2,NoneLS3,8,3
36,2,NoneSL4,9,4
36,2,NoneSL4,10,5
36,2,NoneSS13,11,3
36,2,NoneSS13,12,4
36,2,NoneSL12,13,3
36,2,NoneSL12,14,3
36,2,ATCSS9,15,2
36,2,ATCSS9,16,2
36,2,NoneSS5,17,5
36,2,NoneSS5,18,5
36,2,ATCLS15,19,3
36,2,ATCLS15,20,4
36,2,NoneLL2,21,3
36,2,NoneLL2,22,3
36,2,ATCLS7,23,5
36,2,ATCLS7,24,4
36,2,ATCSS1,25,3
36,2,ATCSS1,26,3
36,2,ATCSL8,27,4
36,2,ATCSL8,28,3
36,2,NoneLS11,29,3
36,2,NoneLS11,30,3
36,2,NoneLL10,31,3
36,2,NoneLL10,32,3
45,2,ATCLS6,1,5
45,2,ATCLS6,2,3
45,2,ATCLL5,3,4
45,2,ATCLL5,4,4
45,2,ATCSS16,5,2
45,2,ATCSS16,6,2
45,2,NoneLL9,7,4
45,2,NoneLL9,8,3
45,2,ATCLS14,9,4
45,2,ATCLS14,10,4
45,2,NoneLS2,11,5
45,2,NoneLS2,12,5
45,2,ATCSL7,13,6
45,2,ATCSL7,14,6
45,2,NoneSL11,15,4
45,2,NoneSL11,16,3
45,2,ATCLL13,17,5
45,2,ATCLL13,18,4
45,2,NoneSL3,19,5
45,2,NoneSL3,20,6
45,2,ATCSS8,21,4
45,2,ATCSS8,22,2
45,2,NoneLL1,23,3
45,2,NoneLL1,24,3
45,2,NoneSS4,25,3
45,2,NoneSS4,26,2
45,2,NoneLS10,27,3
45,2,NoneLS10,28,2
45,2,NoneSS12,29,4
45,2,NoneSS12,30,4
45,2,ATCSL15,31,5
45,2,ATCSL15,32,4
51,2,ATCLL7,1,1
51,2,ATCLL7,2,2
51,2,NoneLL11,3,1
51,2,NoneLL11,4,2
51,2,NoneLL3,5,1
51,2,NoneLL3,6,1
51,2,ATCLS8,7,2
51,2,ATCLS8,8,2
51,2,NoneSS14,9,3
51,2,NoneSS14,10,3
51,2,ATCLL15,11,2
51,2,ATCLL15,12,2
51,2,NoneLS4,13,1
51,2,NoneLS4,14,1
51,2,ATCSL9,15,2
51,2,ATCSL9,16,2
51,2,NoneSL5,17,2
51,2,NoneSL5,18,3
51,2,ATCSS2,19,1
51,2,ATCSS2,20,1
51,2,NoneSL13,21,1
51,2,NoneSL13,22,1
51,2,ATCSS10,23,1
51,2,ATCSS10,24,1
51,2,ATCLS16,25,1
51,2,ATCLS16,26,1
51,2,NoneSS6,27,2
51,2,NoneSS6,28,1
51,2,ATCSL1,29,2
51,2,ATCSL1,30,1
51,2,NoneLS12,31,2
51,2,NoneLS12,32,1
49,2,NoneLL5,1,2
49,2,NoneLL5,2,2
49,2,NoneLS6,3,3
49,2,NoneLS6,4,2
49,2,ATCLL9,5,1
49,2,ATCLL9,6,1
49,2,ATCSL3,7,3
49,2,ATCSL3,8,1
49,2,ATCSS12,9,3
49,2,ATCSS12,10,2
49,2,NoneSL15,11,2
49,2,NoneSL15,12,1
49,2,NoneSS8,13,1
49,2,NoneSS8,14,1
49,2,NoneLL13,15,2
49,2,NoneLL13,16,1
49,2,ATCLL1,17,1
49,2,ATCLL1,18,1
49,2,NoneSS16,19,1
49,2,NoneSS16,20,1
49,2,ATCSS4,21,1
49,2,ATCSS4,22,1
49,2,NoneSL7,23,1
49,2,NoneSL7,24,1
49,2,NoneLS14,25,1
49,2,NoneLS14,26,1
49,2,ATCSL11,27,2
49,2,ATCSL11,28,1
49,2,ATCLS2,29,1
49,2,ATCLS2,30,1
49,2,ATCLS10,31,1
49,2,ATCLS10,32,1
25B,2,ATCSL3,1,6
25B,2,ATCSL3,2,3
25B,2,NoneLL5,3,6
25B,2,NoneLL5,4,2
25B,2,ATCLL1,5,6
25B,2,ATCLL1,6,2
25B,2,ATCLS2,7,5
25B,2,ATCLS2,8,1
25B,2,NoneSL15,9,7
25B,2,NoneSL15,10,3
25B,2,ATCSL11,11,6
25B,2,ATCSL11,12,3
25B,2,ATCLS10,13,6
25B,2,ATCLS10,14,3
25B,2,NoneSS8,15,6
25B,2,NoneSS8,16,2
25B,2,NoneLL13,17,5
25B,2,NoneLL13,18,2
25B,2,ATCSS12,19,5
25B,2,ATCSS12,20,2
25B,2,NoneLS14,21,5
25B,2,NoneLS14,22,2
25B,2,ATCLL9,23,6
25B,2,ATCLL9,24,2
25B,2,NoneLS6,25,5
25B,2,NoneLS6,26,2
25B,2,ATCSS4,27,5
25B,2,ATCSS4,28,2
25B,2,NoneSS16,29,4
25B,2,NoneSS16,30,1
25B,2,NoneSL7,31,5
25B,2,NoneSL7,32,1
58,2,ATCLL16,1,3
58,2,ATCLL16,2,3
58,2,NoneLS5,3,3
58,2,NoneLS5,4,3
58,2,NoneSL6,5,2
58,2,NoneSL6,6,2
58,2,NoneLS13,7,2
58,2,NoneLS13,8,2
58,2,NoneSS7,9,2
58,2,NoneSS7,10,2
58,2,ATCSS11,11,3
58,2,ATCSS11,12,2
58,2,ATCSL2,13,3
58,2,ATCSL2,14,3
58,2,NoneSS15,15,2
58,2,NoneSS15,16,3
58,2,ATCSL10,17,4
58,2,ATCSL10,18,3
58,2,ATCLS1,19,3
58,2,ATCLS1,20,3
58,2,NoneLL4,21,2
58,2,NoneLL4,22,3
58,2,ATCSS3,23,2
58,2,ATCSS3,24,2
58,2,NoneSL14,25,3
58,2,NoneSL14,26,2
58,2,ATCLL8,27,3
58,2,ATCLL8,28,2
58,2,NoneLL12,29,3
58,2,NoneLL12,30,2
58,2,ATCLS9,31,2
58,2,ATCLS9,32,2
05,2,NoneSS12,1,4
05,2,NoneSS12,2,2
05,2,ATCSL7,3,4
05,2,ATCSL7,4,2
05,2,NoneSL3,5,4
05,2,NoneSL3,6,2
05,2,NoneLL9,7,3
05,2,NoneLL9,8,2
05,2,NoneSL11,9,3
05,2,NoneSL11,10,2
05,2,ATCLS14,11,4
05,2,ATCLS14,12,2
05,2,ATCSS8,13,4
05,2,ATCSS8,14,2
05,2,ATCLL13,15,3
05,2,ATCLL13,16,2
05,2,NoneLS10,17,3
05,2,NoneLS10,18,2
05,2,NoneSS4,19,3
05,2,NoneSS4,20,2
05,2,ATCSL15,21,3
05,2,ATCSL15,22,2
05,2,ATCLS6,23,4
05,2,ATCLS6,24,2
05,2,ATCSS16,25,4
05,2,ATCSS16,26,2
05,2,NoneLS2,27,4
05,2,NoneLS2,28,2
05,2,NoneLL1,29,3
05,2,NoneLL1,30,2
05,2,ATCLL5,31,4
05,2,ATCLL5,32,2
14,2,NoneSL10,1,5
14,2,NoneSL10,2,5
14,2,ATCSL6,3,6
14,2,ATCSL6,4,5
14,2,ATCSL14,5,7
14,2,ATCSL14,6,7
14,2,ATCLS13,7,7
14,2,ATCLS13,8,6
14,2,ATCLS5,9,6
14,2,ATCLS5,10,6
14,2,NoneLL8,11,6
14,2,NoneLL8,12,6
14,2,ATCSS7,13,6
14,2,ATCSS7,14,6
14,2,ATCSS15,15,7
14,2,ATCSS15,16,6
14,2,NoneLL16,17,5
14,2,NoneLL16,18,5
14,2,NoneLS1,19,4
14,2,NoneLS1,20,4
14,2,NoneSL2,21,5
14,2,NoneSL2,22,4
14,2,NoneSS11,23,4
14,2,NoneSS11,24,4
14,2,ATCLL12,25,4
14,2,ATCLL12,26,3
14,2,NoneSS3,27,4
14,2,NoneSS3,28,3
14,2,NoneLS9,29,4
14,2,NoneLS9,30,3
14,2,ATCLL4,31,3
14,2,ATCLL4,32,3
